{
  "name": "Material-Theme-Lighter",
  "semanticClass": "material.theme.dark",
  "uuid": "133d1250-19c6-4565-bc93-b37fd36f7fc9",
  "ui": {
    "id": "material-theme",
    "variant": {
      "id": "lighter",
      "name": "Lighter"
    },
    "background": {
      "primary": {
        "hex": "#FAFAFA",
        "rgb": "250, 250, 250"
      },
      "scrollbar": {
        "hex": "#ffffff",
        "rgb": "255, 255, 255"
      }
    },
    "foreground": {
      "primary": {
        "hex": "#a7adb0",
        "rgb": "167, 173, 176"
      },
      "secondary": {
        "hex": "#6f7a7f",
        "rgb": "111, 122, 127"
      },
      "selected": {
        "hex": "#dddfe1",
        "rgb": "221, 223, 225"
      }
    }
  },
  "scheme": {
    "background": "#fafafa",
    "comments": "#CCD7DA",
    "caret": "#27272790",
    "findHighlight": "#F8E71C",
    "foreground": "#80CBC4",
    "guides": "#B0BEC570",
    "activeGuide": "#00000070",
    "stackGuides": "#B0BEC580",
    "gutter": "#CFD8DC",
    "invisibles": "#E7EAEC",
    "highlight": "#90A4AE20",
    "selection": "#80CBC440",
    "shadow": "#90A4AE50",
    "keywords": "#AAB3B5",
    "constant": "#80CBC4",
    "string": "#F9355A",
    "constantEscape": "#FFC400",
    "base": {
      "white": "#ffffff",
      "black": "#000000",
      "red": "#E53935",
      "orange": "#F76D47",
      "yellow": "#FFC000",
      "green": "#91B859",
      "cyan": "#39ADB5",
      "blue": "#6182B8",
      "paleblue": "#8796B0",
      "purple": "#7C4DFF",
      "brown": "#C17E70",
      "pink": "#FF5370",
      "violet": "#945EB8"
    }
  }
}
