{
  "author": "Mattia Astorino",
  "comment": "The most epic theme for Sublime Text 3",
  "ui": {
    "base": {
      "black": {
        "hex": "#000000",
        "rgb": "0, 0, 0"
      },
      "white": {
        "hex": "#ffffff",
        "rgb": "255, 255, 255"
      }
    },
    "accents": [
      {
        "id": "lime",
        "name": "Lime",
        "hex": "#7CB342",
        "rgb": "124, 179, 66",
        "foreground": {
          "hex": "#FFFFFF",
          "rgb": "255, 255, 255"
        }
      },
      {
        "id": "purple",
        "name": "Purple",
        "hex": "#AB47BC",
        "rgb": "171, 71, 188",
        "foreground": {
          "hex": "#FFFFFF",
          "rgb": "255, 255, 255"
        }
      },
      {
        "id": "red",
        "name": "Red",
        "hex": "#E57373",
        "rgb": "229, 115, 115",
        "foreground": {
          "hex": "#FFFFFF",
          "rgb": "255, 255, 255"
        }
      },
      {
        "id": "orange",
        "name": "Orange",
        "hex": "#FF7042",
        "rgb": "255, 112, 66",
        "foreground": {
          "hex": "#FFFFFF",
          "rgb": "255, 255, 255"
        }
      },
      {
        "id": "yellow",
        "name": "Yellow",
        "hex": "#FFA000",
        "rgb": "255, 160, 0",
        "foreground": {
          "hex": "#FFFFFF",
          "rgb": "255, 255, 255"
        }
      },
      {
        "id": "indigo",
        "name": "Indigo",
        "hex": "#5C6BC0",
        "rgb": "92, 107, 192",
        "foreground": {
          "hex": "#FFFFFF",
          "rgb": "255, 255, 255"
        }
      },
      {
        "id": "pink",
        "name": "Pink",
        "hex": "#FF4081",
        "rgb": "255, 64, 129",
        "foreground": {
          "hex": "#FFFFFF",
          "rgb": "255, 255, 255"
        }
      },
      {
        "id": "blue",
        "name": "Blue",
        "hex": "#2979FF",
        "rgb": "41, 121, 255",
        "foreground": {
          "hex": "#FFFFFF",
          "rgb": "255, 255, 255"
        }
      },
      {
        "id": "cyan",
        "name": "Cyan",
        "hex": "#00BCD4",
        "rgb": "0, 188, 212",
        "foreground": {
          "hex": "#FFFFFF",
          "rgb": "255, 255, 255"
        }
      }
    ]
  }
}
